{
  "sleep_minutes": 0.07145269215106964,
  "sleep_7d_avg": 0.07224951684474945,
  "sleep_dev_from_14d": 0.07571011781692505,
  "resting_hr": 0.1012222021818161,
  "hr_7d_avg": 0.07688292115926743,
  "hr_baseline_z": 0.07408194988965988,
  "volume_28d_avg": 0.08012361824512482,
  "volume_56d_avg": 0.08116579055786133,
  "volume_28d_ratio": 0.07007241994142532,
  "volume_56d_z": 0.0888180211186409,
  "days_since_last_workout": 0.06771286576986313,
  "training_age_sessions": 0.14050792157649994
}