{
  "pr_prob_workout": 0.6286869049072266,
  "pr_prob_recovery": 0.05056919902563095,
  "relative_strength": 0.10976698249578476,
  "pr_gap": 0.0927327573299408,
  "days_since_last_pr": 0.05274864286184311,
  "training_age_sessions": 0.06549547612667084
}