{
  "A": {
    "train": {
      "roc_auc": 0.9841450253817703,
      "avg_precision": 0.9393501977252278,
      "brier": 0.05502201451831321
    },
    "val": {
      "roc_auc": 0.8756152125279641,
      "avg_precision": 0.23449496988649374,
      "brier": 0.04811394200454906
    },
    "test": {
      "roc_auc": 0.8047768557972639,
      "avg_precision": 0.23361890220879125,
      "brier": 0.062361498104990504
    }
  },
  "B": {
    "train": {
      "roc_auc": 0.9998605875974595,
      "avg_precision": 0.9988111370203816,
      "brier": 0.01512248510026243
    },
    "val": {
      "roc_auc": 0.5877404921700223,
      "avg_precision": 0.08728063611141139,
      "brier": 0.05667890054300012
    },
    "test": {
      "roc_auc": 0.5876878223816999,
      "avg_precision": 0.1034116962396712,
      "brier": 0.07243422282719895
    }
  },
  "C": {
    "train": {
      "roc_auc": 0.9993467867690395,
      "avg_precision": 0.997259108554257,
      "brier": 0.00888125950056706
    },
    "val": {
      "roc_auc": 0.8178523489932885,
      "avg_precision": 0.18578854060776467,
      "brier": 0.06476419114683588
    },
    "test": {
      "roc_auc": 0.7813971742543171,
      "avg_precision": 0.23474803689915766,
      "brier": 0.06809192700330206
    }
  }
}